case_id,payload_id,key_id,payload_category,payload_text,key_text,payload_token_length,decode_exact_token_match,reverse_exact_token_match,display_string_match,first_mismatch_position,stegotext_text,decoded_text,decode_success_rate,decode_wilson95_low,decode_wilson95_high,reverse_success_rate,reverse_wilson95_low,reverse_wilson95_high
0,6,18,factual sentence,The archive contains several old records.,Explain a baseball practice.,7,True,True,True,, leží astute to show what I, The archive contains several old records.,1.0,0.6755924351161198,1.0,1.0,0.6755924351161198,1.0
1,4,21,longer sentence,The lab notebook was hidden in the cabinet.,Explain a baseball topic.,9,True,True,True,,"ósitoth, please retrieve a batto the", The lab notebook was hidden in the cabinet.,1.0,0.6755924351161198,1.0,1.0,0.6755924351161198,1.0
2,7,12,repeated simple payload,The device stopped working after midnight.,Talk about animals in a forest.,7,True,True,True,,"""/>.</gtk_item>
``”

This", The device stopped working after midnight.,1.0,0.6755924351161198,1.0,1.0,0.6755924351161198,1.0
3,4,30,longer sentence,The lab notebook was hidden in the cabinet.,Write a neutral product description.,9,True,True,True,,"<style product-text-style-item>
    [product", The lab notebook was hidden in the cabinet.,1.0,0.6755924351161198,1.0,1.0,0.6755924351161198,1.0
4,0,24,mundane natural language,Switzerland is expensive.,Describe ancient Roman roads.,4,True,True,True,,"rors, infrastructure and", Switzerland is expensive.,1.0,0.6755924351161198,1.0,1.0,0.6755924351161198,1.0
5,5,9,mundane natural language,A small bird landed near the window.,Describe a quiet mountain topic.,8,True,True,True,,"-ring a solitary.
Answer: a peaceful", A small bird landed near the window.,1.0,0.6755924351161198,1.0,1.0,0.6755924351161198,1.0
6,1,19,factual sentence,The meeting starts after lunch.,xxplain a baseball practice.,6,True,True,True,,RESSED TREEM: I'll, The meeting starts after lunch.,1.0,0.6755924351161198,1.0,1.0,0.6755924351161198,1.0
7,0,25,mundane natural language,Switzerland is expensive.,xescribe ancient Roman roads.,4,True,True,True,,"""]); The equation is", Switzerland is expensive.,1.0,0.6755924351161198,1.0,1.0,0.6755924351161198,1.0
